{
    "pingResults": [
        19,
        18,
        15,
        14,
        14,
        15,
        14,
        16,
        17,
        15,
        15,
        21,
        17,
        16,
        18,
        17,
        15,
        16,
        16,
        16,
        15,
        17,
        34,
        19,
        14,
        14,
        15,
        27,
        14,
        15,
        15,
        15,
        15,
        17,
        15,
        15,
        14,
        16,
        14,
        17,
        16,
        18,
        31,
        17,
        18,
        14,
        31,
        15,
        14,
        17,
        49,
        25,
        16,
        17
    ],
    "timeSinceStart": [
        1.8299371004104615,
        3.050623893737793,
        4.062791347503662,
        5.0741801261901859,
        6.087259292602539,
        7.09206485748291,
        8.104458808898926,
        9.111721992492676,
        10.125091552734375,
        11.13852310180664,
        12.149069786071778,
        13.158866882324219,
        14.168573379516602,
        15.18189811706543,
        16.19439125061035,
        17.206087112426759,
        18.216060638427736,
        19.230180740356447,
        20.24210548400879,
        21.25270652770996,
        22.26410484313965,
        23.27737045288086,
        24.288381576538087,
        25.301713943481447,
        26.310991287231447,
        27.324167251586915,
        28.336170196533204,
        29.343080520629884,
        30.355113983154298,
        31.364177703857423,
        32.376861572265628,
        33.39047622680664,
        34.39944839477539,
        35.41203308105469,
        36.42314529418945,
        37.43403244018555,
        38.44504928588867,
        39.45269012451172,
        40.4611930847168,
        41.47239303588867,
        42.485145568847659,
        43.49277877807617,
        44.504119873046878,
        45.50791549682617,
        46.5218505859375,
        47.53105163574219,
        48.542724609375,
        49.555057525634769,
        50.56810760498047,
        51.57835388183594,
        52.59246063232422,
        53.60714340209961,
        54.62218475341797,
        55.63413619995117
    ],
    "timeOfResults": [
        "19:44:26",
        "19:44:27",
        "19:44:28",
        "19:44:29",
        "19:44:30",
        "19:44:31",
        "19:44:32",
        "19:44:33",
        "19:44:35",
        "19:44:36",
        "19:44:37",
        "19:44:38",
        "19:44:39",
        "19:44:40",
        "19:44:41",
        "19:44:42",
        "19:44:43",
        "19:44:44",
        "19:44:45",
        "19:44:46",
        "19:44:47",
        "19:44:48",
        "19:44:49",
        "19:44:50",
        "19:44:51",
        "19:44:52",
        "19:44:53",
        "19:44:54",
        "19:44:55",
        "19:44:56",
        "19:44:57",
        "19:44:58",
        "19:44:59",
        "19:45:00",
        "19:45:01",
        "19:45:02",
        "19:45:03",
        "19:45:04",
        "19:45:05",
        "19:45:06",
        "19:45:07",
        "19:45:08",
        "19:45:09",
        "19:45:10",
        "19:45:11",
        "19:45:12",
        "19:45:13",
        "19:45:14",
        "19:45:15",
        "19:45:16",
        "19:45:17",
        "19:45:18",
        "19:45:19",
        "19:45:20"
    ]
}